ProductId,ProductNumber,ProductName,ProductLine,ProductSubcategoryName,ProductCategoryID,ProductCategoryName
836,FR-R72Y-48,"ML Road Frame-W - Yellow, 48","R ",Road Frames,2,Components
837,FR-R92B-62,"HL Road Frame - Black, 62","R ",Road Frames,2,Components
838,FR-R92B-44,"HL Road Frame - Black, 44","R ",Road Frames,2,Components
839,FR-R92B-48,"HL Road Frame - Black, 48","R ",Road Frames,2,Components
840,FR-R92B-52,"HL Road Frame - Black, 52","R ",Road Frames,2,Components
842,PA-T100,"Touring-Panniers, Large","T ",Panniers,4,Accessories
843,LO-C100,Cable Lock,"S ",Locks,4,Accessories
844,PU-0452,Minipump,"S ",Pumps,4,Accessories
845,PU-M044,Mountain Pump,"M ",Pumps,4,Accessories
846,LT-T990,Taillights - Battery-Powered,"R ",Lights,4,Accessories
847,LT-H902,Headlights - Dual-Beam,"R ",Lights,4,Accessories
848,LT-H903,Headlights - Weatherproof,"R ",Lights,4,Accessories
870,WB-H098,Water Bottle - 30 oz.,"S ",Bottles and Cages,4,Accessories
871,BC-M005,Mountain Bottle Cage,"M ",Bottles and Cages,4,Accessories
872,BC-R205,Road Bottle Cage,"R ",Bottles and Cages,4,Accessories
873,PK-7098,Patch Kit/8 Patches,"S ",Tires and Tubes,4,Accessories
876,RA-H123,Hitch Rack - 4-Bike,"S ",Bike Racks,4,Accessories
877,CL-9009,Bike Wash - Dissolver,"S ",Cleaners,4,Accessories
878,FE-6654,Fender Set - Mountain,"M ",Fenders,4,Accessories
879,ST-1401,All-Purpose Bike Stand,"M ",Bike Stands,4,Accessories
880,HY-1023-70,Hydration Pack - 70 oz.,"S ",Hydration Packs,4,Accessories
921,TT-M928,Mountain Tire Tube,"M ",Tires and Tubes,4,Accessories
922,TT-R982,Road Tire Tube,"R ",Tires and Tubes,4,Accessories
923,TT-T092,Touring Tire Tube,"T ",Tires and Tubes,4,Accessories
924,FR-M21B-42,"LL Mountain Frame - Black, 42","M ",Mountain Frames,2,Components
925,FR-M21B-44,"LL Mountain Frame - Black, 44","M ",Mountain Frames,2,Components
926,FR-M21B-48,"LL Mountain Frame - Black, 48","M ",Mountain Frames,2,Components
927,FR-M21B-52,"LL Mountain Frame - Black, 52","M ",Mountain Frames,2,Components
928,TI-M267,LL Mountain Tire,"M ",Tires and Tubes,4,Accessories
929,TI-M602,ML Mountain Tire,"M ",Tires and Tubes,4,Accessories
930,TI-M823,HL Mountain Tire,"M ",Tires and Tubes,4,Accessories
931,TI-R092,LL Road Tire,"R ",Tires and Tubes,4,Accessories
932,TI-R628,ML Road Tire,"R ",Tires and Tubes,4,Accessories
933,TI-R982,HL Road Tire,"R ",Tires and Tubes,4,Accessories
934,TI-T723,Touring Tire,"T ",Tires and Tubes,4,Accessories
935,PD-M282,LL Mountain Pedal,"M ",Pedals,2,Components
936,PD-M340,ML Mountain Pedal,"M ",Pedals,2,Components
937,PD-M562,HL Mountain Pedal,"M ",Pedals,2,Components
938,PD-R347,LL Road Pedal,"R ",Pedals,2,Components
939,PD-R563,ML Road Pedal,"R ",Pedals,2,Components
940,PD-R853,HL Road Pedal,"R ",Pedals,2,Components
941,PD-T852,Touring Pedal,"T ",Pedals,2,Components
942,FR-M63S-38,"ML Mountain Frame-W - Silver, 38","M ",Mountain Frames,2,Components
943,FR-M21B-40,"LL Mountain Frame - Black, 40","M ",Mountain Frames,2,Components
944,FR-M21S-40,"LL Mountain Frame - Silver, 40","M ",Mountain Frames,2,Components
945,FD-2342,Front Derailleur,NULL,Derailleurs,2,Components
946,HB-T721,LL Touring Handlebars,"T ",Handlebars,2,Components
947,HB-T928,HL Touring Handlebars,"T ",Handlebars,2,Components
948,FB-9873,Front Brakes,NULL,Brakes,2,Components
949,CS-4759,LL Crankset,NULL,Cranksets,2,Components
950,CS-6583,ML Crankset,NULL,Cranksets,2,Components
951,CS-9183,HL Crankset,NULL,Cranksets,2,Components
952,CH-0234,Chain,NULL,Chains,2,Components
953,BK-T44U-60,"Touring-2000 Blue, 60","T ",Touring Bikes,1,Bikes
954,BK-T79Y-46,"Touring-1000 Yellow, 46","T ",Touring Bikes,1,Bikes
955,BK-T79Y-50,"Touring-1000 Yellow, 50","T ",Touring Bikes,1,Bikes
956,BK-T79Y-54,"Touring-1000 Yellow, 54","T ",Touring Bikes,1,Bikes
957,BK-T79Y-60,"Touring-1000 Yellow, 60","T ",Touring Bikes,1,Bikes
958,BK-T18U-54,"Touring-3000 Blue, 54","T ",Touring Bikes,1,Bikes
959,BK-T18U-58,"Touring-3000 Blue, 58","T ",Touring Bikes,1,Bikes
960,BK-T18U-62,"Touring-3000 Blue, 62","T ",Touring Bikes,1,Bikes
961,BK-T18Y-44,"Touring-3000 Yellow, 44","T ",Touring Bikes,1,Bikes
962,BK-T18Y-50,"Touring-3000 Yellow, 50","T ",Touring Bikes,1,Bikes
963,BK-T18Y-54,"Touring-3000 Yellow, 54","T ",Touring Bikes,1,Bikes
964,BK-T18Y-58,"Touring-3000 Yellow, 58","T ",Touring Bikes,1,Bikes
965,BK-T18Y-62,"Touring-3000 Yellow, 62","T ",Touring Bikes,1,Bikes
966,BK-T79U-46,"Touring-1000 Blue, 46","T ",Touring Bikes,1,Bikes
967,BK-T79U-50,"Touring-1000 Blue, 50","T ",Touring Bikes,1,Bikes
968,BK-T79U-54,"Touring-1000 Blue, 54","T ",Touring Bikes,1,Bikes
969,BK-T79U-60,"Touring-1000 Blue, 60","T ",Touring Bikes,1,Bikes
970,BK-T44U-46,"Touring-2000 Blue, 46","T ",Touring Bikes,1,Bikes
971,BK-T44U-50,"Touring-2000 Blue, 50","T ",Touring Bikes,1,Bikes
972,BK-T44U-54,"Touring-2000 Blue, 54","T ",Touring Bikes,1,Bikes
973,BK-R79Y-40,"Road-350-W Yellow, 40","R ",Road Bikes,1,Bikes
974,BK-R79Y-42,"Road-350-W Yellow, 42","R ",Road Bikes,1,Bikes
975,BK-R79Y-44,"Road-350-W Yellow, 44","R ",Road Bikes,1,Bikes
976,BK-R79Y-48,"Road-350-W Yellow, 48","R ",Road Bikes,1,Bikes
977,BK-R19B-58,"Road-750 Black, 58","R ",Road Bikes,1,Bikes
978,BK-T18U-44,"Touring-3000 Blue, 44","T ",Touring Bikes,1,Bikes
979,BK-T18U-50,"Touring-3000 Blue, 50","T ",Touring Bikes,1,Bikes
980,BK-M38S-38,"Mountain-400-W Silver, 38","M ",Mountain Bikes,1,Bikes
981,BK-M38S-40,"Mountain-400-W Silver, 40","M ",Mountain Bikes,1,Bikes
982,BK-M38S-42,"Mountain-400-W Silver, 42","M ",Mountain Bikes,1,Bikes
983,BK-M38S-46,"Mountain-400-W Silver, 46","M ",Mountain Bikes,1,Bikes
984,BK-M18S-40,"Mountain-500 Silver, 40","M ",Mountain Bikes,1,Bikes
985,BK-M18S-42,"Mountain-500 Silver, 42","M ",Mountain Bikes,1,Bikes
986,BK-M18S-44,"Mountain-500 Silver, 44","M ",Mountain Bikes,1,Bikes
987,BK-M18S-48,"Mountain-500 Silver, 48","M ",Mountain Bikes,1,Bikes
988,BK-M18S-52,"Mountain-500 Silver, 52","M ",Mountain Bikes,1,Bikes
989,BK-M18B-40,"Mountain-500 Black, 40","M ",Mountain Bikes,1,Bikes
990,BK-M18B-42,"Mountain-500 Black, 42","M ",Mountain Bikes,1,Bikes
991,BK-M18B-44,"Mountain-500 Black, 44","M ",Mountain Bikes,1,Bikes
992,BK-M18B-48,"Mountain-500 Black, 48","M ",Mountain Bikes,1,Bikes
993,BK-M18B-52,"Mountain-500 Black, 52","M ",Mountain Bikes,1,Bikes
994,BB-7421,LL Bottom Bracket,NULL,Bottom Brackets,2,Components
995,BB-8107,ML Bottom Bracket,NULL,Bottom Brackets,2,Components
996,BB-9108,HL Bottom Bracket,NULL,Bottom Brackets,2,Components
997,BK-R19B-44,"Road-750 Black, 44","R ",Road Bikes,1,Bikes
998,BK-R19B-48,"Road-750 Black, 48","R ",Road Bikes,1,Bikes
999,BK-R19B-52,"Road-750 Black, 52","R ",Road Bikes,1,Bikes
772,BK-M82S-42,"Mountain-100 Silver, 42","M ",Mountain Bikes,1,Bikes
773,BK-M82S-44,"Mountain-100 Silver, 44","M ",Mountain Bikes,1,Bikes
774,BK-M82S-48,"Mountain-100 Silver, 48","M ",Mountain Bikes,1,Bikes
775,BK-M82B-38,"Mountain-100 Black, 38","M ",Mountain Bikes,1,Bikes
776,BK-M82B-42,"Mountain-100 Black, 42","M ",Mountain Bikes,1,Bikes
777,BK-M82B-44,"Mountain-100 Black, 44","M ",Mountain Bikes,1,Bikes
778,BK-M82B-48,"Mountain-100 Black, 48","M ",Mountain Bikes,1,Bikes
779,BK-M68S-38,"Mountain-200 Silver, 38","M ",Mountain Bikes,1,Bikes
780,BK-M68S-42,"Mountain-200 Silver, 42","M ",Mountain Bikes,1,Bikes
781,BK-M68S-46,"Mountain-200 Silver, 46","M ",Mountain Bikes,1,Bikes
782,BK-M68B-38,"Mountain-200 Black, 38","M ",Mountain Bikes,1,Bikes
783,BK-M68B-42,"Mountain-200 Black, 42","M ",Mountain Bikes,1,Bikes
784,BK-M68B-46,"Mountain-200 Black, 46","M ",Mountain Bikes,1,Bikes
785,BK-M47B-38,"Mountain-300 Black, 38","M ",Mountain Bikes,1,Bikes
786,BK-M47B-40,"Mountain-300 Black, 40","M ",Mountain Bikes,1,Bikes
787,BK-M47B-44,"Mountain-300 Black, 44","M ",Mountain Bikes,1,Bikes
788,BK-M47B-48,"Mountain-300 Black, 48","M ",Mountain Bikes,1,Bikes
789,BK-R89R-44,"Road-250 Red, 44","R ",Road Bikes,1,Bikes
790,BK-R89R-48,"Road-250 Red, 48","R ",Road Bikes,1,Bikes
791,BK-R89R-52,"Road-250 Red, 52","R ",Road Bikes,1,Bikes
792,BK-R89R-58,"Road-250 Red, 58","R ",Road Bikes,1,Bikes
793,BK-R89B-44,"Road-250 Black, 44","R ",Road Bikes,1,Bikes
794,BK-R89B-48,"Road-250 Black, 48","R ",Road Bikes,1,Bikes
795,BK-R89B-52,"Road-250 Black, 52","R ",Road Bikes,1,Bikes
796,BK-R89B-58,"Road-250 Black, 58","R ",Road Bikes,1,Bikes
797,BK-R64Y-38,"Road-550-W Yellow, 38","R ",Road Bikes,1,Bikes
798,BK-R64Y-40,"Road-550-W Yellow, 40","R ",Road Bikes,1,Bikes
799,BK-R64Y-42,"Road-550-W Yellow, 42","R ",Road Bikes,1,Bikes
800,BK-R64Y-44,"Road-550-W Yellow, 44","R ",Road Bikes,1,Bikes
801,BK-R64Y-48,"Road-550-W Yellow, 48","R ",Road Bikes,1,Bikes
802,FK-1639,LL Fork,NULL,Forks,2,Components
803,FK-5136,ML Fork,NULL,Forks,2,Components
804,FK-9939,HL Fork,NULL,Forks,2,Components
805,HS-0296,LL Headset,NULL,Headsets,2,Components
806,HS-2451,ML Headset,NULL,Headsets,2,Components
807,HS-3479,HL Headset,NULL,Headsets,2,Components
808,HB-M243,LL Mountain Handlebars,"M ",Handlebars,2,Components
809,HB-M763,ML Mountain Handlebars,"M ",Handlebars,2,Components
810,HB-M918,HL Mountain Handlebars,"M ",Handlebars,2,Components
811,HB-R504,LL Road Handlebars,"R ",Handlebars,2,Components
812,HB-R720,ML Road Handlebars,"R ",Handlebars,2,Components
813,HB-R956,HL Road Handlebars,"R ",Handlebars,2,Components
814,FR-M63B-38,"ML Mountain Frame - Black, 38","M ",Mountain Frames,2,Components
815,FW-M423,LL Mountain Front Wheel,"M ",Wheels,2,Components
816,FW-M762,ML Mountain Front Wheel,"M ",Wheels,2,Components
817,FW-M928,HL Mountain Front Wheel,"M ",Wheels,2,Components
818,FW-R623,LL Road Front Wheel,"R ",Wheels,2,Components
819,FW-R762,ML Road Front Wheel,"R ",Wheels,2,Components
820,FW-R820,HL Road Front Wheel,"R ",Wheels,2,Components
821,FW-T905,Touring Front Wheel,"T ",Wheels,2,Components
822,FR-R72Y-38,"ML Road Frame-W - Yellow, 38","R ",Road Frames,2,Components
823,RW-M423,LL Mountain Rear Wheel,"M ",Wheels,2,Components
824,RW-M762,ML Mountain Rear Wheel,"M ",Wheels,2,Components
825,RW-M928,HL Mountain Rear Wheel,"M ",Wheels,2,Components
826,RW-R623,LL Road Rear Wheel,"R ",Wheels,2,Components
827,RW-R762,ML Road Rear Wheel,"R ",Wheels,2,Components
828,RW-R820,HL Road Rear Wheel,"R ",Wheels,2,Components
829,RW-T905,Touring Rear Wheel,"T ",Wheels,2,Components
830,FR-M63B-40,"ML Mountain Frame - Black, 40","M ",Mountain Frames,2,Components
831,FR-M63B-44,"ML Mountain Frame - Black, 44","M ",Mountain Frames,2,Components
832,FR-M63B-48,"ML Mountain Frame - Black, 48","M ",Mountain Frames,2,Components
833,FR-R72Y-40,"ML Road Frame-W - Yellow, 40","R ",Road Frames,2,Components
834,FR-R72Y-42,"ML Road Frame-W - Yellow, 42","R ",Road Frames,2,Components
835,FR-R72Y-44,"ML Road Frame-W - Yellow, 44","R ",Road Frames,2,Components
885,FR-T98Y-60,"HL Touring Frame - Yellow, 60","T ",Touring Frames,2,Components
886,FR-T67Y-62,"LL Touring Frame - Yellow, 62","T ",Touring Frames,2,Components
887,FR-T98Y-46,"HL Touring Frame - Yellow, 46","T ",Touring Frames,2,Components
888,FR-T98Y-50,"HL Touring Frame - Yellow, 50","T ",Touring Frames,2,Components
889,FR-T98Y-54,"HL Touring Frame - Yellow, 54","T ",Touring Frames,2,Components
890,FR-T98U-46,"HL Touring Frame - Blue, 46","T ",Touring Frames,2,Components
891,FR-T98U-50,"HL Touring Frame - Blue, 50","T ",Touring Frames,2,Components
892,FR-T98U-54,"HL Touring Frame - Blue, 54","T ",Touring Frames,2,Components
893,FR-T98U-60,"HL Touring Frame - Blue, 60","T ",Touring Frames,2,Components
894,RD-2308,Rear Derailleur,NULL,Derailleurs,2,Components
895,FR-T67U-50,"LL Touring Frame - Blue, 50","T ",Touring Frames,2,Components
896,FR-T67U-54,"LL Touring Frame - Blue, 54","T ",Touring Frames,2,Components
897,FR-T67U-58,"LL Touring Frame - Blue, 58","T ",Touring Frames,2,Components
898,FR-T67U-62,"LL Touring Frame - Blue, 62","T ",Touring Frames,2,Components
899,FR-T67Y-44,"LL Touring Frame - Yellow, 44","T ",Touring Frames,2,Components
900,FR-T67Y-50,"LL Touring Frame - Yellow, 50","T ",Touring Frames,2,Components
901,FR-T67Y-54,"LL Touring Frame - Yellow, 54","T ",Touring Frames,2,Components
902,FR-T67Y-58,"LL Touring Frame - Yellow, 58","T ",Touring Frames,2,Components
903,FR-T67U-44,"LL Touring Frame - Blue, 44","T ",Touring Frames,2,Components
904,FR-M63S-40,"ML Mountain Frame-W - Silver, 40","M ",Mountain Frames,2,Components
905,FR-M63S-42,"ML Mountain Frame-W - Silver, 42","M ",Mountain Frames,2,Components
906,FR-M63S-46,"ML Mountain Frame-W - Silver, 46","M ",Mountain Frames,2,Components
907,RB-9231,Rear Brakes,NULL,Brakes,2,Components
908,SE-M236,LL Mountain Seat/Saddle,"M ",Saddles,2,Components
909,SE-M798,ML Mountain Seat/Saddle,"M ",Saddles,2,Components
910,SE-M940,HL Mountain Seat/Saddle,"M ",Saddles,2,Components
911,SE-R581,LL Road Seat/Saddle,"R ",Saddles,2,Components
912,SE-R908,ML Road Seat/Saddle,"T ",Saddles,2,Components
913,SE-R995,HL Road Seat/Saddle,"R ",Saddles,2,Components
914,SE-T312,LL Touring Seat/Saddle,"T ",Saddles,2,Components
915,SE-T762,ML Touring Seat/Saddle,"T ",Saddles,2,Components
916,SE-T924,HL Touring Seat/Saddle,"T ",Saddles,2,Components
917,FR-M21S-42,"LL Mountain Frame - Silver, 42","M ",Mountain Frames,2,Components
918,FR-M21S-44,"LL Mountain Frame - Silver, 44","M ",Mountain Frames,2,Components
919,FR-M21S-48,"LL Mountain Frame - Silver, 48","M ",Mountain Frames,2,Components
920,FR-M21S-52,"LL Mountain Frame - Silver, 52","M ",Mountain Frames,2,Components
680,FR-R92B-58,"HL Road Frame - Black, 58","R ",Road Frames,2,Components
706,FR-R92R-58,"HL Road Frame - Red, 58","R ",Road Frames,2,Components
707,HL-U509-R,"Sport-100 Helmet, Red","S ",Helmets,4,Accessories
708,HL-U509,"Sport-100 Helmet, Black","S ",Helmets,4,Accessories
711,HL-U509-B,"Sport-100 Helmet, Blue","S ",Helmets,4,Accessories
717,FR-R92R-62,"HL Road Frame - Red, 62","R ",Road Frames,2,Components
718,FR-R92R-44,"HL Road Frame - Red, 44","R ",Road Frames,2,Components
719,FR-R92R-48,"HL Road Frame - Red, 48","R ",Road Frames,2,Components
720,FR-R92R-52,"HL Road Frame - Red, 52","R ",Road Frames,2,Components
721,FR-R92R-56,"HL Road Frame - Red, 56","R ",Road Frames,2,Components
722,FR-R38B-58,"LL Road Frame - Black, 58","R ",Road Frames,2,Components
723,FR-R38B-60,"LL Road Frame - Black, 60","R ",Road Frames,2,Components
724,FR-R38B-62,"LL Road Frame - Black, 62","R ",Road Frames,2,Components
725,FR-R38R-44,"LL Road Frame - Red, 44","R ",Road Frames,2,Components
726,FR-R38R-48,"LL Road Frame - Red, 48","R ",Road Frames,2,Components
727,FR-R38R-52,"LL Road Frame - Red, 52","R ",Road Frames,2,Components
728,FR-R38R-58,"LL Road Frame - Red, 58","R ",Road Frames,2,Components
729,FR-R38R-60,"LL Road Frame - Red, 60","R ",Road Frames,2,Components
730,FR-R38R-62,"LL Road Frame - Red, 62","R ",Road Frames,2,Components
731,FR-R72R-44,"ML Road Frame - Red, 44","R ",Road Frames,2,Components
732,FR-R72R-48,"ML Road Frame - Red, 48","R ",Road Frames,2,Components
733,FR-R72R-52,"ML Road Frame - Red, 52","R ",Road Frames,2,Components
734,FR-R72R-58,"ML Road Frame - Red, 58","R ",Road Frames,2,Components
735,FR-R72R-60,"ML Road Frame - Red, 60","R ",Road Frames,2,Components
736,FR-R38B-44,"LL Road Frame - Black, 44","R ",Road Frames,2,Components
737,FR-R38B-48,"LL Road Frame - Black, 48","R ",Road Frames,2,Components
738,FR-R38B-52,"LL Road Frame - Black, 52","R ",Road Frames,2,Components
739,FR-M94S-42,"HL Mountain Frame - Silver, 42","M ",Mountain Frames,2,Components
740,FR-M94S-44,"HL Mountain Frame - Silver, 44","M ",Mountain Frames,2,Components
741,FR-M94S-52,"HL Mountain Frame - Silver, 48","M ",Mountain Frames,2,Components
742,FR-M94S-46,"HL Mountain Frame - Silver, 46","M ",Mountain Frames,2,Components
743,FR-M94B-42,"HL Mountain Frame - Black, 42","M ",Mountain Frames,2,Components
744,FR-M94B-44,"HL Mountain Frame - Black, 44","M ",Mountain Frames,2,Components
745,FR-M94B-48,"HL Mountain Frame - Black, 48","M ",Mountain Frames,2,Components
746,FR-M94B-46,"HL Mountain Frame - Black, 46","M ",Mountain Frames,2,Components
747,FR-M94B-38,"HL Mountain Frame - Black, 38","M ",Mountain Frames,2,Components
748,FR-M94S-38,"HL Mountain Frame - Silver, 38","M ",Mountain Frames,2,Components
749,BK-R93R-62,"Road-150 Red, 62","R ",Road Bikes,1,Bikes
750,BK-R93R-44,"Road-150 Red, 44","R ",Road Bikes,1,Bikes
751,BK-R93R-48,"Road-150 Red, 48","R ",Road Bikes,1,Bikes
752,BK-R93R-52,"Road-150 Red, 52","R ",Road Bikes,1,Bikes
753,BK-R93R-56,"Road-150 Red, 56","R ",Road Bikes,1,Bikes
754,BK-R68R-58,"Road-450 Red, 58","R ",Road Bikes,1,Bikes
755,BK-R68R-60,"Road-450 Red, 60","R ",Road Bikes,1,Bikes
756,BK-R68R-44,"Road-450 Red, 44","R ",Road Bikes,1,Bikes
757,BK-R68R-48,"Road-450 Red, 48","R ",Road Bikes,1,Bikes
758,BK-R68R-52,"Road-450 Red, 52","R ",Road Bikes,1,Bikes
759,BK-R50R-58,"Road-650 Red, 58","R ",Road Bikes,1,Bikes
760,BK-R50R-60,"Road-650 Red, 60","R ",Road Bikes,1,Bikes
761,BK-R50R-62,"Road-650 Red, 62","R ",Road Bikes,1,Bikes
762,BK-R50R-44,"Road-650 Red, 44","R ",Road Bikes,1,Bikes
763,BK-R50R-48,"Road-650 Red, 48","R ",Road Bikes,1,Bikes
764,BK-R50R-52,"Road-650 Red, 52","R ",Road Bikes,1,Bikes
765,BK-R50B-58,"Road-650 Black, 58","R ",Road Bikes,1,Bikes
766,BK-R50B-60,"Road-650 Black, 60","R ",Road Bikes,1,Bikes
767,BK-R50B-62,"Road-650 Black, 62","R ",Road Bikes,1,Bikes
768,BK-R50B-44,"Road-650 Black, 44","R ",Road Bikes,1,Bikes
769,BK-R50B-48,"Road-650 Black, 48","R ",Road Bikes,1,Bikes
770,BK-R50B-52,"Road-650 Black, 52","R ",Road Bikes,1,Bikes
771,BK-M82S-38,"Mountain-100 Silver, 38","M ",Mountain Bikes,1,Bikes
